signatures,flag_if_forge
014_forg/01_0102014.png,1
014_forg/02_0102014.png,1
014_forg/03_0102014.png,1
014_forg/04_0102014.png,1
004_forg/02_0103004.png,1
004_forg/03_0103004.png,1
004_forg/04_0103004.png,1
014_forg/01_0104014.png,1
014_forg/02_0104014.png,1
014_forg/03_0104014.png,1
014_forg/04_0104014.png,1
004_forg/01_0105004.png,1
004_forg/02_0105004.png,1
004_forg/03_0105004.png,1
004_forg/04_0105004.png,1
015_forg/01_0106015.png,1
015_forg/02_0106015.png,1
015_forg/03_0106015.png,1
015_forg/04_0106015.png,1
016_forg/01_0107016.png,1
016_forg/02_0107016.png,1
016_forg/03_0107016.png,1
016_forg/04_0107016.png,1
002_forg/01_0108002.png,1
002_forg/02_0108002.png,1
002_forg/03_0108002.png,1
002_forg/04_0108002.png,1
002_forg/01_0110002.png,1
002_forg/02_0110002.png,1
002_forg/03_0110002.png,1
002_forg/04_0110002.png,1
016_forg/01_0110016.png,1
016_forg/02_0110016.png,1
016_forg/03_0110016.png,1
016_forg/04_0110016.png,1
006_forg/01_0111006.png,1
006_forg/02_0111006.png,1
006_forg/03_0111006.png,1
006_forg/04_0111006.png,1
012_forg/01_0113012.png,1
012_forg/02_0113012.png,1
012_forg/03_0113012.png,1
012_forg/04_0113012.png,1
009_forg/01_0117009.png,1
009_forg/02_0117009.png,1
009_forg/03_0117009.png,1
009_forg/04_0117009.png,1
002_forg/01_0118002.png,1
002_forg/02_0118002.png,1
002_forg/03_0118002.png,1
002_forg/04_0118002.png,1
001_forg/01_0119001.png,1
001_forg/02_0119001.png,1
001_forg/03_0119001.png,1
001_forg/04_0119001.png,1
003_forg/01_0121003.png,1
003_forg/02_0121003.png,1
003_forg/03_0121003.png,1
003_forg/04_0121003.png,1
009_forg/01_0123009.png,1
009_forg/02_0123009.png,1
009_forg/03_0123009.png,1
009_forg/04_0123009.png,1
004_forg/01_0124004.png,1
004_forg/02_0124004.png,1
004_forg/03_0124004.png,1
004_forg/04_0124004.png,1
003_forg/01_0126003.png,1
003_forg/02_0126003.png,1
003_forg/03_0126003.png,1
003_forg/04_0126003.png,1
016_forg/01_0127016.png,1
016_forg/02_0127016.png,1
016_forg/03_0127016.png,1
016_forg/04_0127016.png,1
001/01_001.png,0
002/01_002.png,0
003/01_003.png,0
004/01_004.png,0
006/01_006.png,0
009/01_009.png,0
027_forg/01_0101027.PNG,1
038_forg/01_0101038.PNG,1
066_forg/01_0101066.PNG,1
024_forg/01_0102024.PNG,1
039_forg/01_0102039.PNG,1
054_forg/01_0102054.PNG,1
061_forg/01_0102061.PNG,1
031_forg/01_0103031.PNG,1
034_forg/01_0103034.PNG,1
035_forg/01_0103035.PNG,1
044_forg/01_0103044.PNG,1
029_forg/01_0104029.PNG,1
051_forg/01_0104051.PNG,1
059_forg/01_0104059.PNG,1
063_forg/01_0104063.PNG,1
020_forg/01_0105020.PNG,1
041_forg/01_0105041.PNG,1
056_forg/01_0105056.PNG,1
064_forg/01_0105064.PNG,1
018_forg/01_0106018.PNG,1
048_forg/01_0106048.PNG,1
052_forg/01_0106052.PNG,1
069_forg/01_0106069.PNG,1
017_forg/01_0107017.PNG,1
042_forg/01_0107042.PNG,1
046_forg/01_0107046.PNG,1
053_forg/01_0107053.PNG,1
039_forg/01_0108039.PNG,1
046_forg/01_0108046.PNG,1
063_forg/01_0108063.PNG,1
069_forg/01_0108069.PNG,1
030_forg/01_0109030.PNG,1
036_forg/01_0109036.PNG,1
052_forg/01_0109052.PNG,1
058_forg/01_0109058.PNG,1
062_forg/01_0109062.PNG,1
021_forg/01_0110021.PNG,1
034_forg/01_0110034.PNG,1
058_forg/01_0110058.PNG,1
043_forg/01_0111043.PNG,1
045_forg/01_0111045.PNG,1
060_forg/01_0111060.PNG,1
069_forg/01_0111069.PNG,1
018_forg/01_0112018.PNG,1
032_forg/01_0112032.PNG,1
033_forg/01_0112033.PNG,1
044_forg/01_0112044.PNG,1
061_forg/01_0112061.PNG,1
013_forg/01_0113013.PNG,1
039_forg/01_0113039.PNG,1
047_forg/01_0113047.PNG,1
068_forg/01_0113068.PNG,1
030_forg/01_0114030.PNG,1
037_forg/01_0114037.PNG,1
040_forg/01_0114040.PNG,1
047_forg/01_0114047.PNG,1
049_forg/01_0114049.PNG,1
019_forg/01_0115019.PNG,1
029_forg/01_0115029.PNG,1
035_forg/01_0115035.PNG,1
053_forg/01_0115053.PNG,1
056_forg/01_0115056.PNG,1
019_forg/01_0116019.PNG,1
025_forg/01_0116025.PNG,1
041_forg/01_0116041.PNG,1
045_forg/01_0116045.PNG,1
062_forg/01_0116062.PNG,1
020_forg/01_0117020.PNG,1
032_forg/01_0117032.PNG,1
041_forg/01_0117041.PNG,1
057_forg/01_0117057.PNG,1
036_forg/01_0118036.PNG,1
042_forg/01_0118042.PNG,1
055_forg/01_0118055.PNG,1
065_forg/01_0118065.PNG,1
019_forg/01_0119019.PNG,1
024_forg/01_0119024.PNG,1
026_forg/01_0119026.PNG,1
063_forg/01_0119063.PNG,1
012/01_012.png,0
024_forg/01_0120024.PNG,1
032_forg/01_0120032.PNG,1
034_forg/01_0120034.PNG,1
051_forg/01_0120051.PNG,1
055_forg/01_0120055.PNG,1
025_forg/01_0121025.PNG,1
031_forg/01_0121031.PNG,1
040_forg/01_0121040.PNG,1
060_forg/01_0121060.PNG,1
026_forg/01_0123026.PNG,1
036_forg/01_0123036.PNG,1
037_forg/01_0123037.PNG,1
046_forg/01_0123046.PNG,1
017_forg/01_0124017.PNG,1
038_forg/01_0124038.PNG,1
054_forg/01_0124054.PNG,1
068_forg/01_0124068.PNG,1
022_forg/01_0125022.PNG,1
026_forg/01_0125026.PNG,1
050_forg/01_0125050.PNG,1
058_forg/01_0125058.PNG,1
059_forg/01_0125059.PNG,1
023_forg/01_0126023.PNG,1
028_forg/01_0126028.PNG,1
050_forg/01_0126050.PNG,1
060_forg/01_0126060.PNG,1
020_forg/01_0127020.PNG,1
022_forg/01_0127022.PNG,1
058_forg/01_0127058.PNG,1
066_forg/01_0127066.PNG,1
013/01_013.png,0
014/01_014.png,0
015/01_015.png,0
016/01_016.png,0
017/01_017.png,0
018/01_018.png,0
019/01_019.png,0
020/01_020.png,0
035_forg/01_0201035.PNG,1
043_forg/01_0201043.PNG,1
062_forg/01_0201062.PNG,1
018_forg/01_0202018.PNG,1
053_forg/01_0202053.PNG,1
055_forg/01_0202055.PNG,1
013_forg/01_0203013.PNG,1
023_forg/01_0203023.PNG,1
029_forg/01_0203029.PNG,1
033_forg/01_0203033.PNG,1
064_forg/01_0203064.PNG,1
013_forg/01_0204013.PNG,1
021_forg/01_0204021.PNG,1
042_forg/01_0204042.PNG,1
048_forg/01_0204048.PNG,1
050_forg/01_0204050.PNG,1
028_forg/01_0205028.PNG,1
033_forg/01_0205033.PNG,1
045_forg/01_0205045.PNG,1
067_forg/01_0205067.PNG,1
049_forg/01_0206049.PNG,1
061_forg/01_0206061.PNG,1
065_forg/01_0206065.PNG,1
052_forg/01_0207052.PNG,1
053_forg/01_0207053.PNG,1
054_forg/01_0207054.PNG,1
022_forg/01_0208022.PNG,1
037_forg/01_0208037.PNG,1
054_forg/01_0208054.PNG,1
057_forg/01_0208057.PNG,1
021/01_021.png,0
049_forg/01_0210049.PNG,1
052_forg/01_0210052.PNG,1
057_forg/01_0210057.PNG,1
017_forg/01_0211017.PNG,1
021_forg/01_0211021.PNG,1
043_forg/01_0211043.PNG,1
044_forg/01_0211044.PNG,1
066_forg/01_0211066.PNG,1
027_forg/01_0212027.PNG,1
028_forg/01_0212028.PNG,1
047_forg/01_0212047.PNG,1
066_forg/01_0212066.PNG,1
067_forg/01_0212067.PNG,1
020_forg/01_0213020.PNG,1
030_forg/01_0213030.PNG,1
033_forg/01_0213033.PNG,1
038_forg/01_0213038.PNG,1
022_forg/01_0214022.PNG,1
037_forg/01_0214037.PNG,1
054_forg/01_0214054.PNG,1
022/01_022.png,0
023/01_023.png,0
024/01_024.png,0
025/01_025.png,0
026/01_026.png,0
027/01_027.png,0
028/01_028.png,0
029/01_029.png,0
030/01_030.png,0
031/01_031.png,0
032/01_032.png,0
033/01_033.png,0
034/01_034.png,0
035/01_035.png,0
036/01_036.png,0
037/01_037.png,0
038/01_038.png,0
039/01_039.png,0
040/01_040.png,0
041/01_041.png,0
042/01_042.png,0
043/01_043.png,0
044/01_044.png,0
045/01_045.png,0
046/01_046.png,0
047/01_047.png,0
048/01_048.png,0
049/01_049.png,0
050/01_050.png,0
051/01_051.png,0
052/01_052.png,0
053/01_053.png,0
054/01_054.png,0
055/01_055.png,0
056/01_056.png,0
057/01_057.png,0
058/01_058.png,0
059/01_059.png,0
060/01_060.png,0
061/01_061.png,0
062/01_062.png,0
063/01_063.png,0
064/01_064.png,0
065/01_065.png,0
066/01_066.png,0
067/01_067.png,0
068/01_068.png,0
069/01_069.png,0
001_forg/01_0201001.png,1
001_forg/02_0201001.png,1
001_forg/03_0201001.png,1
001_forg/04_0201001.png,1
009_forg/01_0201009.png,1
009_forg/02_0201009.png,1
009_forg/03_0201009.png,1
009_forg/04_0201009.png,1
006_forg/01_0202006.png,1
006_forg/02_0202006.png,1
006_forg/03_0202006.png,1
006_forg/04_0202006.png,1
016_forg/01_0202016.png,1
016_forg/02_0202016.png,1
016_forg/03_0202016.png,1
016_forg/04_0202016.png,1
006_forg/01_0205006.png,1
006_forg/02_0205006.png,1
006_forg/03_0205006.png,1
006_forg/04_0205006.png,1
003_forg/01_0206003.png,1
003_forg/02_0206003.png,1
003_forg/03_0206003.png,1
003_forg/04_0206003.png,1
012_forg/01_0206012.png,1
012_forg/02_0206012.png,1
012_forg/03_0206012.png,1
012_forg/04_0206012.png,1
014_forg/01_0208014.png,1
014_forg/02_0208014.png,1
014_forg/03_0208014.png,1
014_forg/04_0208014.png,1
012_forg/01_0210012.png,1
012_forg/02_0210012.png,1
012_forg/03_0210012.png,1
012_forg/04_0210012.png,1
015_forg/01_0210015.png,1
015_forg/02_0210015.png,1
015_forg/03_0210015.png,1
015_forg/04_0210015.png,1
015_forg/01_0213015.png,1
015_forg/02_0213015.png,1
015_forg/03_0213015.png,1
015_forg/04_0213015.png,1
014_forg/01_0214014.png,1
014_forg/02_0214014.png,1
014_forg/03_0214014.png,1
014_forg/04_0214014.png,1
001/02_001.png,0
002/02_002.png,0
003/02_003.png,0
004/02_004.png,0
006/02_006.png,0
009/02_009.png,0
020_forg/02_0101020.PNG,1
027_forg/02_0101027.PNG,1
038_forg/02_0101038.PNG,1
066_forg/02_0101066.PNG,1
024_forg/02_0102024.PNG,1
039_forg/02_0102039.PNG,1
054_forg/02_0102054.PNG,1
061_forg/02_0102061.PNG,1
031_forg/02_0103031.PNG,1
034_forg/02_0103034.PNG,1
035_forg/02_0103035.PNG,1
044_forg/02_0103044.PNG,1
029_forg/02_0104029.PNG,1
051_forg/02_0104051.PNG,1
059_forg/02_0104059.PNG,1
063_forg/02_0104063.PNG,1
020_forg/02_0105020.PNG,1
041_forg/02_0105041.PNG,1
056_forg/02_0105056.PNG,1
064_forg/02_0105064.PNG,1
018_forg/02_0106018.PNG,1
048_forg/02_0106048.PNG,1
052_forg/02_0106052.PNG,1
069_forg/02_0106069.PNG,1
017_forg/02_0107017.PNG,1
042_forg/02_0107042.PNG,1
046_forg/02_0107046.PNG,1
053_forg/02_0107053.PNG,1
039_forg/02_0108039.PNG,1
046_forg/02_0108046.PNG,1
063_forg/02_0108063.PNG,1
069_forg/02_0108069.PNG,1
030_forg/02_0109030.PNG,1
036_forg/02_0109036.PNG,1
052_forg/02_0109052.PNG,1
058_forg/02_0109058.PNG,1
062_forg/02_0109062.PNG,1
021_forg/02_0110021.PNG,1
034_forg/02_0110034.PNG,1
058_forg/02_0110058.PNG,1
043_forg/02_0111043.PNG,1
045_forg/02_0111045.PNG,1
060_forg/02_0111060.PNG,1
069_forg/02_0111069.PNG,1
018_forg/02_0112018.PNG,1
032_forg/02_0112032.PNG,1
033_forg/02_0112033.PNG,1
044_forg/02_0112044.PNG,1
061_forg/02_0112061.PNG,1
013_forg/02_0113013.PNG,1
039_forg/02_0113039.PNG,1
047_forg/02_0113047.PNG,1
068_forg/02_0113068.PNG,1
030_forg/02_0114030.PNG,1
037_forg/02_0114037.PNG,1
040_forg/02_0114040.PNG,1
047_forg/02_0114047.PNG,1
049_forg/02_0114049.PNG,1
019_forg/02_0115019.PNG,1
029_forg/02_0115029.PNG,1
035_forg/02_0115035.PNG,1
053_forg/02_0115053.PNG,1
056_forg/02_0115056.PNG,1
019_forg/02_0116019.PNG,1
025_forg/02_0116025.PNG,1
041_forg/02_0116041.PNG,1
045_forg/02_0116045.PNG,1
062_forg/02_0116062.PNG,1
020_forg/02_0117020.PNG,1
032_forg/02_0117032.PNG,1
041_forg/02_0117041.PNG,1
057_forg/02_0117057.PNG,1
036_forg/02_0118036.PNG,1
042_forg/02_0118042.PNG,1
055_forg/02_0118055.PNG,1
065_forg/02_0118065.PNG,1
019_forg/02_0119019.PNG,1
024_forg/02_0119024.PNG,1
026_forg/02_0119026.PNG,1
063_forg/02_0119063.PNG,1
012/02_012.png,0
024_forg/02_0120024.PNG,1
032_forg/02_0120032.PNG,1
034_forg/02_0120034.PNG,1
051_forg/02_0120051.PNG,1
055_forg/02_0120055.PNG,1
025_forg/02_0121025.PNG,1
031_forg/02_0121031.PNG,1
040_forg/02_0121040.PNG,1
060_forg/02_0121060.PNG,1
026_forg/02_0123026.PNG,1
036_forg/02_0123036.PNG,1
037_forg/02_0123037.PNG,1
046_forg/02_0123046.PNG,1
017_forg/02_0124017.PNG,1
038_forg/02_0124038.PNG,1
054_forg/02_0124054.PNG,1
068_forg/02_0124068.PNG,1
022_forg/02_0125022.PNG,1
026_forg/02_0125026.PNG,1
050_forg/02_0125050.PNG,1
058_forg/02_0125058.PNG,1
059_forg/02_0125059.PNG,1
023_forg/02_0126023.PNG,1
028_forg/02_0126028.PNG,1
050_forg/02_0126050.PNG,1
060_forg/02_0126060.PNG,1
020_forg/02_0127020.PNG,1
022_forg/02_0127022.PNG,1
058_forg/02_0127058.PNG,1
066_forg/02_0127066.PNG,1
013/02_013.png,0
014/02_014.png,0
015/02_015.png,0
016/02_016.png,0
017/02_017.png,0
018/02_018.png,0
019/02_019.png,0
020/02_020.png,0
035_forg/02_0201035.PNG,1
043_forg/02_0201043.PNG,1
062_forg/02_0201062.PNG,1
018_forg/02_0202018.PNG,1
053_forg/02_0202053.PNG,1
055_forg/02_0202055.PNG,1
013_forg/02_0203013.PNG,1
023_forg/02_0203023.PNG,1
029_forg/02_0203029.PNG,1
033_forg/02_0203033.PNG,1
064_forg/02_0203064.PNG,1
013_forg/02_0204013.PNG,1
021_forg/02_0204021.PNG,1
042_forg/02_0204042.PNG,1
048_forg/02_0204048.PNG,1
050_forg/02_0204050.PNG,1
028_forg/02_0205028.PNG,1
033_forg/02_0205033.PNG,1
045_forg/02_0205045.PNG,1
067_forg/02_0205067.PNG,1
049_forg/02_0206049.PNG,1
061_forg/02_0206061.PNG,1
065_forg/02_0206065.PNG,1
052_forg/02_0207052.PNG,1
053_forg/02_0207053.PNG,1
054_forg/02_0207054.PNG,1
022_forg/02_0208022.PNG,1
037_forg/02_0208037.PNG,1
054_forg/02_0208054.PNG,1
057_forg/02_0208057.PNG,1
021/02_021.png,0
049_forg/02_0210049.PNG,1
052_forg/02_0210052.PNG,1
057_forg/02_0210057.PNG,1
017_forg/02_0211017.PNG,1
021_forg/02_0211021.PNG,1
043_forg/02_0211043.PNG,1
044_forg/02_0211044.PNG,1
066_forg/02_0211066.PNG,1
027_forg/02_0212027.PNG,1
028_forg/02_0212028.PNG,1
047_forg/02_0212047.PNG,1
066_forg/02_0212066.PNG,1
067_forg/02_0212067.PNG,1
020_forg/02_0213020.PNG,1
030_forg/02_0213030.PNG,1
033_forg/02_0213033.PNG,1
038_forg/02_0213038.PNG,1
022_forg/02_0214022.PNG,1
037_forg/02_0214037.PNG,1
054_forg/02_0214054.PNG,1
022/02_022.png,0
023/02_023.png,0
024/02_024.png,0
025/02_025.png,0
026/02_026.png,0
027/02_027.png,0
028/02_028.png,0
029/02_029.png,0
030/02_030.png,0
031/02_031.png,0
032/02_032.png,0
033/02_033.png,0
034/02_034.png,0
035/02_035.png,0
036/02_036.png,0
037/02_037.png,0
038/02_038.png,0
039/02_039.png,0
040/02_040.png,0
041/02_041.png,0
042/02_042.png,0
043/02_043.png,0
044/02_044.png,0
045/02_045.png,0
046/02_046.png,0
047/02_047.png,0
048/02_048.png,0
049/02_049.png,0
050/02_050.png,0
051/02_051.png,0
052/02_052.png,0
053/02_053.png,0
054/02_054.png,0
055/02_055.png,0
056/02_056.png,0
057/02_057.png,0
058/02_058.png,0
059/02_059.png,0
060/02_060.png,0
061/02_061.png,0
062/02_062.png,0
063/02_063.png,0
064/02_064.png,0
065/02_065.png,0
066/02_066.png,0
067/02_067.png,0
068/02_068.png,0
069/02_069.png,0
001/03_001.png,0
002/03_002.png,0
003/03_003.png,0
004/03_004.png,0
006/03_006.png,0
009/03_009.png,0
020_forg/03_0101020.PNG,1
027_forg/03_0101027.PNG,1
038_forg/03_0101038.PNG,1
066_forg/03_0101066.PNG,1
024_forg/03_0102024.PNG,1
039_forg/03_0102039.PNG,1
054_forg/03_0102054.PNG,1
061_forg/03_0102061.PNG,1
031_forg/03_0103031.PNG,1
034_forg/03_0103034.PNG,1
035_forg/03_0103035.PNG,1
044_forg/03_0103044.PNG,1
029_forg/03_0104029.PNG,1
051_forg/03_0104051.PNG,1
059_forg/03_0104059.PNG,1
063_forg/03_0104063.PNG,1
020_forg/03_0105020.PNG,1
041_forg/03_0105041.PNG,1
056_forg/03_0105056.PNG,1
064_forg/03_0105064.PNG,1
018_forg/03_0106018.PNG,1
048_forg/03_0106048.PNG,1
052_forg/03_0106052.PNG,1
069_forg/03_0106069.PNG,1
017_forg/03_0107017.PNG,1
042_forg/03_0107042.PNG,1
046_forg/03_0107046.PNG,1
053_forg/03_0107053.PNG,1
039_forg/03_0108039.PNG,1
046_forg/03_0108046.PNG,1
063_forg/03_0108063.PNG,1
069_forg/03_0108069.PNG,1
030_forg/03_0109030.PNG,1
036_forg/03_0109036.PNG,1
052_forg/03_0109052.PNG,1
058_forg/03_0109058.PNG,1
062_forg/03_0109062.PNG,1
021_forg/03_0110021.PNG,1
034_forg/03_0110034.PNG,1
058_forg/03_0110058.PNG,1
043_forg/03_0111043.PNG,1
045_forg/03_0111045.PNG,1
060_forg/03_0111060.PNG,1
069_forg/03_0111069.PNG,1
018_forg/03_0112018.PNG,1
032_forg/03_0112032.PNG,1
033_forg/03_0112033.PNG,1
044_forg/03_0112044.PNG,1
061_forg/03_0112061.PNG,1
013_forg/03_0113013.PNG,1
039_forg/03_0113039.PNG,1
047_forg/03_0113047.PNG,1
068_forg/03_0113068.PNG,1
030_forg/03_0114030.PNG,1
037_forg/03_0114037.PNG,1
040_forg/03_0114040.PNG,1
047_forg/03_0114047.PNG,1
049_forg/03_0114049.PNG,1
019_forg/03_0115019.PNG,1
029_forg/03_0115029.PNG,1
035_forg/03_0115035.PNG,1
053_forg/03_0115053.PNG,1
056_forg/03_0115056.PNG,1
019_forg/03_0116019.PNG,1
025_forg/03_0116025.PNG,1
041_forg/03_0116041.PNG,1
045_forg/03_0116045.PNG,1
062_forg/03_0116062.PNG,1
020_forg/03_0117020.PNG,1
032_forg/03_0117032.PNG,1
041_forg/03_0117041.PNG,1
057_forg/03_0117057.PNG,1
036_forg/03_0118036.PNG,1
042_forg/03_0118042.PNG,1
055_forg/03_0118055.PNG,1
065_forg/03_0118065.PNG,1
019_forg/03_0119019.PNG,1
024_forg/03_0119024.PNG,1
026_forg/03_0119026.PNG,1
063_forg/03_0119063.PNG,1
012/03_012.png,0
024_forg/03_0120024.PNG,1
032_forg/03_0120032.PNG,1
034_forg/03_0120034.PNG,1
051_forg/03_0120051.PNG,1
055_forg/03_0120055.PNG,1
025_forg/03_0121025.PNG,1
031_forg/03_0121031.PNG,1
040_forg/03_0121040.PNG,1
060_forg/03_0121060.PNG,1
026_forg/03_0123026.PNG,1
036_forg/03_0123036.PNG,1
037_forg/03_0123037.PNG,1
046_forg/03_0123046.PNG,1
017_forg/03_0124017.PNG,1
038_forg/03_0124038.PNG,1
054_forg/03_0124054.PNG,1
068_forg/03_0124068.PNG,1
022_forg/03_0125022.PNG,1
026_forg/03_0125026.PNG,1
050_forg/03_0125050.PNG,1
058_forg/03_0125058.PNG,1
059_forg/03_0125059.PNG,1
023_forg/03_0126023.PNG,1
028_forg/03_0126028.PNG,1
050_forg/03_0126050.PNG,1
060_forg/03_0126060.PNG,1
020_forg/03_0127020.PNG,1
022_forg/03_0127022.PNG,1
058_forg/03_0127058.PNG,1
066_forg/03_0127066.PNG,1
013/03_013.png,0
014/03_014.png,0
015/03_015.png,0
016/03_016.png,0
017/03_017.png,0
018/03_018.png,0
019/03_019.png,0
020/03_020.png,0
035_forg/03_0201035.PNG,1
043_forg/03_0201043.PNG,1
062_forg/03_0201062.PNG,1
018_forg/03_0202018.PNG,1
053_forg/03_0202053.PNG,1
055_forg/03_0202055.PNG,1
013_forg/03_0203013.PNG,1
023_forg/03_0203023.PNG,1
029_forg/03_0203029.PNG,1
033_forg/03_0203033.PNG,1
064_forg/03_0203064.PNG,1
013_forg/03_0204013.PNG,1
021_forg/03_0204021.PNG,1
042_forg/03_0204042.PNG,1
048_forg/03_0204048.PNG,1
050_forg/03_0204050.PNG,1
028_forg/03_0205028.PNG,1
033_forg/03_0205033.PNG,1
045_forg/03_0205045.PNG,1
067_forg/03_0205067.PNG,1
049_forg/03_0206049.PNG,1
061_forg/03_0206061.PNG,1
065_forg/03_0206065.PNG,1
052_forg/03_0207052.PNG,1
053_forg/03_0207053.PNG,1
054_forg/03_0207054.PNG,1
022_forg/03_0208022.PNG,1
037_forg/03_0208037.PNG,1
054_forg/03_0208054.PNG,1
057_forg/03_0208057.PNG,1
021/03_021.png,0
049_forg/03_0210049.PNG,1
052_forg/03_0210052.PNG,1
057_forg/03_0210057.PNG,1
017_forg/03_0211017.PNG,1
021_forg/03_0211021.PNG,1
043_forg/03_0211043.PNG,1
044_forg/03_0211044.PNG,1
066_forg/03_0211066.PNG,1
027_forg/03_0212027.PNG,1
028_forg/03_0212028.PNG,1
047_forg/03_0212047.PNG,1
066_forg/03_0212066.PNG,1
067_forg/03_0212067.PNG,1
020_forg/03_0213020.PNG,1
030_forg/03_0213030.PNG,1
033_forg/03_0213033.PNG,1
038_forg/03_0213038.PNG,1
022_forg/03_0214022.PNG,1
037_forg/03_0214037.PNG,1
054_forg/03_0214054.PNG,1
022/03_022.png,0
023/03_023.png,0
024/03_024.png,0
025/03_025.png,0
026/03_026.png,0
027/03_027.png,0
028/03_028.png,0
029/03_029.png,0
030/03_030.png,0
031/03_031.png,0
032/03_032.png,0
033/03_033.png,0
034/03_034.png,0
035/03_035.png,0
036/03_036.png,0
037/03_037.png,0
038/03_038.png,0
039/03_039.png,0
040/03_040.png,0
041/03_041.png,0
042/03_042.png,0
043/03_043.png,0
044/03_044.png,0
045/03_045.png,0
046/03_046.png,0
047/03_047.png,0
048/03_048.png,0
049/03_049.png,0
050/03_050.png,0
051/03_051.png,0
052/03_052.png,0
053/03_053.png,0
054/03_054.png,0
055/03_055.png,0
056/03_056.png,0
057/03_057.png,0
058/03_058.png,0
059/03_059.png,0
060/03_060.png,0
061/03_061.png,0
062/03_062.png,0
063/03_063.png,0
064/03_064.png,0
065/03_065.png,0
066/03_066.png,0
067/03_067.png,0
068/03_068.png,0
069/03_069.png,0
001/04_001.png,0
002/04_002.png,0
003/04_003.png,0
004/04_004.png,0
006/04_006.png,0
009/04_009.png,0
020_forg/04_0101020.PNG,1
027_forg/04_0101027.PNG,1
038_forg/04_0101038.PNG,1
066_forg/04_0101066.PNG,1
024_forg/04_0102024.PNG,1
039_forg/04_0102039.PNG,1
054_forg/04_0102054.PNG,1
061_forg/04_0102061.PNG,1
031_forg/04_0103031.PNG,1
034_forg/04_0103034.PNG,1
035_forg/04_0103035.PNG,1
044_forg/04_0103044.PNG,1
029_forg/04_0104029.PNG,1
051_forg/04_0104051.PNG,1
059_forg/04_0104059.PNG,1
063_forg/04_0104063.PNG,1
020_forg/04_0105020.PNG,1
041_forg/04_0105041.PNG,1
056_forg/04_0105056.PNG,1
064_forg/04_0105064.PNG,1
018_forg/04_0106018.PNG,1
048_forg/04_0106048.PNG,1
052_forg/04_0106052.PNG,1
069_forg/04_0106069.PNG,1
017_forg/04_0107017.PNG,1
042_forg/04_0107042.PNG,1
046_forg/04_0107046.PNG,1
053_forg/04_0107053.PNG,1
039_forg/04_0108039.PNG,1
046_forg/04_0108046.PNG,1
063_forg/04_0108063.PNG,1
069_forg/04_0108069.PNG,1
030_forg/04_0109030.PNG,1
036_forg/04_0109036.PNG,1
052_forg/04_0109052.PNG,1
058_forg/04_0109058.PNG,1
062_forg/04_0109062.PNG,1
021_forg/04_0110021.PNG,1
034_forg/04_0110034.PNG,1
058_forg/04_0110058.PNG,1
043_forg/04_0111043.PNG,1
045_forg/04_0111045.PNG,1
060_forg/04_0111060.PNG,1
069_forg/04_0111069.PNG,1
018_forg/04_0112018.PNG,1
032_forg/04_0112032.PNG,1
033_forg/04_0112033.PNG,1
044_forg/04_0112044.PNG,1
061_forg/04_0112061.PNG,1
013_forg/04_0113013.PNG,1
039_forg/04_0113039.PNG,1
047_forg/04_0113047.PNG,1
068_forg/04_0113068.PNG,1
030_forg/04_0114030.PNG,1
037_forg/04_0114037.PNG,1
040_forg/04_0114040.PNG,1
047_forg/04_0114047.PNG,1
049_forg/04_0114049.PNG,1
019_forg/04_0115019.PNG,1
029_forg/04_0115029.PNG,1
035_forg/04_0115035.PNG,1
053_forg/04_0115053.PNG,1
056_forg/04_0115056.PNG,1
019_forg/04_0116019.PNG,1
025_forg/04_0116025.PNG,1
041_forg/04_0116041.PNG,1
045_forg/04_0116045.PNG,1
062_forg/04_0116062.PNG,1
020_forg/04_0117020.PNG,1
032_forg/04_0117032.PNG,1
041_forg/04_0117041.PNG,1
057_forg/04_0117057.PNG,1
036_forg/04_0118036.PNG,1
042_forg/04_0118042.PNG,1
055_forg/04_0118055.PNG,1
065_forg/04_0118065.PNG,1
019_forg/04_0119019.PNG,1
024_forg/04_0119024.PNG,1
026_forg/04_0119026.PNG,1
063_forg/04_0119063.PNG,1
012/04_012.png,0
024_forg/04_0120024.PNG,1
032_forg/04_0120032.PNG,1
034_forg/04_0120034.PNG,1
051_forg/04_0120051.PNG,1
055_forg/04_0120055.PNG,1
025_forg/04_0121025.PNG,1
031_forg/04_0121031.PNG,1
040_forg/04_0121040.PNG,1
060_forg/04_0121060.PNG,1
026_forg/04_0123026.PNG,1
036_forg/04_0123036.PNG,1
037_forg/04_0123037.PNG,1
046_forg/04_0123046.PNG,1
017_forg/04_0124017.PNG,1
038_forg/04_0124038.PNG,1
054_forg/04_0124054.PNG,1
068_forg/04_0124068.PNG,1
022_forg/04_0125022.PNG,1
026_forg/04_0125026.PNG,1
050_forg/04_0125050.PNG,1
058_forg/04_0125058.PNG,1
059_forg/04_0125059.PNG,1
023_forg/04_0126023.PNG,1
028_forg/04_0126028.PNG,1
050_forg/04_0126050.PNG,1
060_forg/04_0126060.PNG,1
020_forg/04_0127020.PNG,1
022_forg/04_0127022.PNG,1
058_forg/04_0127058.PNG,1
066_forg/04_0127066.PNG,1
013/04_013.png,0
014/04_014.png,0
015/04_015.png,0
016/04_016.png,0
017/04_017.png,0
018/04_018.png,0
019/04_019.png,0
020/04_020.png,0
035_forg/04_0201035.PNG,1
043_forg/04_0201043.PNG,1
062_forg/04_0201062.PNG,1
018_forg/04_0202018.PNG,1
053_forg/04_0202053.PNG,1
055_forg/04_0202055.PNG,1
013_forg/04_0203013.PNG,1
023_forg/04_0203023.PNG,1
029_forg/04_0203029.PNG,1
033_forg/04_0203033.PNG,1
064_forg/04_0203064.PNG,1
013_forg/04_0204013.PNG,1
021_forg/04_0204021.PNG,1
042_forg/04_0204042.PNG,1
048_forg/04_0204048.PNG,1
050_forg/04_0204050.PNG,1
028_forg/04_0205028.PNG,1
033_forg/04_0205033.PNG,1
045_forg/04_0205045.PNG,1
067_forg/04_0205067.PNG,1
049_forg/04_0206049.PNG,1
061_forg/04_0206061.PNG,1
065_forg/04_0206065.PNG,1
052_forg/04_0207052.PNG,1
053_forg/04_0207053.PNG,1
054_forg/04_0207054.PNG,1
022_forg/04_0208022.PNG,1
037_forg/04_0208037.PNG,1
054_forg/04_0208054.PNG,1
057_forg/04_0208057.PNG,1
021/04_021.png,0
049_forg/04_0210049.PNG,1
052_forg/04_0210052.PNG,1
057_forg/04_0210057.PNG,1
017_forg/04_0211017.PNG,1
021_forg/04_0211021.PNG,1
043_forg/04_0211043.PNG,1
044_forg/04_0211044.PNG,1
066_forg/04_0211066.PNG,1
027_forg/04_0212027.PNG,1
028_forg/04_0212028.PNG,1
047_forg/04_0212047.PNG,1
066_forg/04_0212066.PNG,1
067_forg/04_0212067.PNG,1
020_forg/04_0213020.PNG,1
030_forg/04_0213030.PNG,1
033_forg/04_0213033.PNG,1
038_forg/04_0213038.PNG,1
022_forg/04_0214022.PNG,1
037_forg/04_0214037.PNG,1
054_forg/04_0214054.PNG,1
022/04_022.png,0
023/04_023.png,0
024/04_024.png,0
025/04_025.png,0
026/04_026.png,0
027/04_027.png,0
028/04_028.png,0
029/04_029.png,0
030/04_030.png,0
031/04_031.png,0
032/04_032.png,0
033/04_033.png,0
034/04_034.png,0
035/04_035.png,0
036/04_036.png,0
037/04_037.png,0
038/04_038.png,0
039/04_039.png,0
040/04_040.png,0
041/04_041.png,0
042/04_042.png,0
043/04_043.png,0
044/04_044.png,0
045/04_045.png,0
046/04_046.png,0
047/04_047.png,0
048/04_048.png,0
049/04_049.png,0
050/04_050.png,0
051/04_051.png,0
052/04_052.png,0
053/04_053.png,0
054/04_054.png,0
055/04_055.png,0
056/04_056.png,0
057/04_057.png,0
058/04_058.png,0
059/04_059.png,0
060/04_060.png,0
061/04_061.png,0
062/04_062.png,0
063/04_063.png,0
064/04_064.png,0
065/04_065.png,0
066/04_066.png,0
067/04_067.png,0
068/04_068.png,0
069/04_069.png,0
001/05_001.png,0
002/05_002.png,0
003/05_003.png,0
004/05_004.png,0
006/05_006.png,0
009/05_009.png,0
012/05_012.png,0
013/05_013.png,0
014/05_014.png,0
015/05_015.png,0
016/05_016.png,0
017/05_017.png,0
018/05_018.png,0
019/05_019.png,0
020/05_020.png,0
021/05_021.png,0
022/05_022.png,0
023/05_023.png,0
024/05_024.png,0
025/05_025.png,0
026/05_026.png,0
027/05_027.png,0
028/05_028.png,0
029/05_029.png,0
030/05_030.png,0
031/05_031.png,0
032/05_032.png,0
033/05_033.png,0
034/05_034.png,0
035/05_035.png,0
036/05_036.png,0
037/05_037.png,0
038/05_038.png,0
039/05_039.png,0
040/05_040.png,0
041/05_041.png,0
042/05_042.png,0
043/05_043.png,0
044/05_044.png,0
045/05_045.png,0
046/05_046.png,0
047/05_047.png,0
048/05_048.png,0
049/05_049.png,0
050/05_050.png,0
051/05_051.png,0
052/05_052.png,0
053/05_053.png,0
054/05_054.png,0
055/05_055.png,0
056/05_056.png,0
057/05_057.png,0
058/05_058.png,0
059/05_059.png,0
060/05_060.png,0
061/05_061.png,0
062/05_062.png,0
063/05_063.png,0
064/05_064.png,0
065/05_065.png,0
066/05_066.png,0
067/05_067.png,0
068/05_068.png,0
069/05_069.png,0
001/06_001.png,0
002/06_002.png,0
003/06_003.png,0
004/06_004.png,0
006/06_006.png,0
009/06_009.png,0
012/06_012.png,0
013/06_013.png,0
014/06_014.png,0
015/06_015.png,0
016/06_016.png,0
017/06_017.png,0
018/06_018.png,0
019/06_019.png,0
020/06_020.png,0
021/06_021.png,0
022/06_022.png,0
023/06_023.png,0
024/06_024.png,0
025/06_025.png,0
026/06_026.png,0
027/06_027.png,0
028/06_028.png,0
029/06_029.png,0
030/06_030.png,0
031/06_031.png,0
032/06_032.png,0
033/06_033.png,0
034/06_034.png,0
035/06_035.png,0
036/06_036.png,0
037/06_037.png,0
038/06_038.png,0
039/06_039.png,0
040/06_040.png,0
041/06_041.png,0
042/06_042.png,0
043/06_043.png,0
044/06_044.png,0
045/06_045.png,0
046/06_046.png,0
047/06_047.png,0
048/06_048.png,0
049/06_049.png,0
050/06_050.png,0
051/06_051.png,0
052/06_052.png,0
053/06_053.png,0
054/06_054.png,0
055/06_055.png,0
056/06_056.png,0
057/06_057.png,0
058/06_058.png,0
059/06_059.png,0
060/06_060.png,0
061/06_061.png,0
062/06_062.png,0
063/06_063.png,0
064/06_064.png,0
065/06_065.png,0
066/06_066.png,0
067/06_067.png,0
068/06_068.png,0
069/06_069.png,0
001/07_001.png,0
002/07_002.png,0
003/07_003.png,0
004/07_004.png,0
006/07_006.png,0
009/07_009.png,0
012/07_012.png,0
013/07_013.png,0
014/07_014.png,0
015/07_015.png,0
016/07_016.png,0
017/07_017.png,0
018/07_018.png,0
019/07_019.png,0
020/07_020.png,0
021/07_021.png,0
022/07_022.png,0
023/07_023.png,0
024/07_024.png,0
025/07_025.png,0
026/07_026.png,0
027/07_027.png,0
028/07_028.png,0
029/07_029.png,0
030/07_030.png,0
031/07_031.png,0
032/07_032.png,0
033/07_033.png,0
034/07_034.png,0
035/07_035.png,0
036/07_036.png,0
037/07_037.png,0
038/07_038.png,0
039/07_039.png,0
040/07_040.png,0
041/07_041.png,0
042/07_042.png,0
043/07_043.png,0
044/07_044.png,0
045/07_045.png,0
046/07_046.png,0
047/07_047.png,0
048/07_048.png,0
049/07_049.png,0
050/07_050.png,0
051/07_051.png,0
052/07_052.png,0
053/07_053.png,0
054/07_054.png,0
055/07_055.png,0
056/07_056.png,0
057/07_057.png,0
058/07_058.png,0
059/07_059.png,0
060/07_060.png,0
061/07_061.png,0
062/07_062.png,0
063/07_063.png,0
064/07_064.png,0
065/07_065.png,0
066/07_066.png,0
067/07_067.png,0
068/07_068.png,0
069/07_069.png,0
001/08_001.png,0
002/08_002.png,0
003/08_003.png,0
004/08_004.png,0
006/08_006.png,0
009/08_009.png,0
012/08_012.png,0
013/08_013.png,0
014/08_014.png,0
015/08_015.png,0
016/08_016.png,0
017/08_017.png,0
018/08_018.png,0
019/08_019.png,0
020/08_020.png,0
021/08_021.png,0
022/08_022.png,0
023/08_023.png,0
024/08_024.png,0
025/08_025.png,0
026/08_026.png,0
027/08_027.png,0
028/08_028.png,0
029/08_029.png,0
030/08_030.png,0
031/08_031.png,0
032/08_032.png,0
033/08_033.png,0
034/08_034.png,0
035/08_035.png,0
036/08_036.png,0
037/08_037.png,0
038/08_038.png,0
039/08_039.png,0
040/08_040.png,0
041/08_041.png,0
042/08_042.png,0
043/08_043.png,0
044/08_044.png,0
045/08_045.png,0
046/08_046.png,0
047/08_047.png,0
048/08_048.png,0
049/08_049.png,0
050/08_050.png,0
051/08_051.png,0
052/08_052.png,0
053/08_053.png,0
054/08_054.png,0
055/08_055.png,0
056/08_056.png,0
057/08_057.png,0
058/08_058.png,0
059/08_059.png,0
060/08_060.png,0
061/08_061.png,0
062/08_062.png,0
063/08_063.png,0
064/08_064.png,0
065/08_065.png,0
066/08_066.png,0
067/08_067.png,0
068/08_068.png,0
069/08_069.png,0
001/09_001.png,0
002/09_002.png,0
003/09_003.png,0
004/09_004.png,0
006/09_006.png,0
009/09_009.png,0
012/09_012.png,0
013/09_013.png,0
014/09_014.png,0
015/09_015.png,0
016/09_016.png,0
017/09_017.png,0
018/09_018.png,0
019/09_019.png,0
020/09_020.png,0
021/09_021.png,0
022/09_022.png,0
023/09_023.png,0
024/09_024.png,0
025/09_025.png,0
026/09_026.png,0
027/09_027.png,0
028/09_028.png,0
029/09_029.png,0
030/09_030.png,0
031/09_031.png,0
032/09_032.png,0
033/09_033.png,0
034/09_034.png,0
035/09_035.png,0
036/09_036.png,0
037/09_037.png,0
038/09_038.png,0
039/09_039.png,0
040/09_040.png,0
041/09_041.png,0
042/09_042.png,0
043/09_043.png,0
044/09_044.png,0
045/09_045.png,0
046/09_046.png,0
047/09_047.png,0
048/09_048.png,0
049/09_049.png,0
050/09_050.png,0
051/09_051.png,0
052/09_052.png,0
053/09_053.png,0
054/09_054.png,0
055/09_055.png,0
056/09_056.png,0
057/09_057.png,0
058/09_058.png,0
059/09_059.png,0
060/09_060.png,0
061/09_061.png,0
062/09_062.png,0
063/09_063.png,0
064/09_064.png,0
065/09_065.png,0
066/09_066.png,0
067/09_067.png,0
068/09_068.png,0
069/09_069.png,0
001/10_001.png,0
002/10_002.png,0
003/10_003.png,0
004/10_004.png,0
006/10_006.png,0
009/10_009.png,0
012/10_012.png,0
013/10_013.png,0
014/10_014.png,0
015/10_015.png,0
016/10_016.png,0
017/10_017.png,0
018/10_018.png,0
019/10_019.png,0
020/10_020.png,0
021/10_021.png,0
022/10_022.png,0
023/10_023.png,0
024/10_024.png,0
025/10_025.png,0
026/10_026.png,0
027/10_027.png,0
028/10_028.png,0
029/10_029.png,0
030/10_030.png,0
031/10_031.png,0
032/10_032.png,0
033/10_033.png,0
034/10_034.png,0
035/10_035.png,0
036/10_036.png,0
037/10_037.png,0
038/10_038.png,0
039/10_039.png,0
040/10_040.png,0
041/10_041.png,0
042/10_042.png,0
043/10_043.png,0
044/10_044.png,0
045/10_045.png,0
046/10_046.png,0
047/10_047.png,0
048/10_048.png,0
049/10_049.png,0
050/10_050.png,0
051/10_051.png,0
052/10_052.png,0
053/10_053.png,0
054/10_054.png,0
055/10_055.png,0
056/10_056.png,0
057/10_057.png,0
058/10_058.png,0
059/10_059.png,0
060/10_060.png,0
061/10_061.png,0
062/10_062.png,0
063/10_063.png,0
064/10_064.png,0
065/10_065.png,0
066/10_066.png,0
067/10_067.png,0
068/10_068.png,0
069/10_069.png,0
001/11_001.png,0
002/11_002.png,0
003/11_003.png,0
004/11_004.png,0
006/11_006.png,0
009/11_009.png,0
012/11_012.png,0
013/11_013.png,0
014/11_014.png,0
015/11_015.png,0
016/11_016.png,0
017/11_017.png,0
018/11_018.png,0
019/11_019.png,0
020/11_020.png,0
021/11_021.png,0
022/11_022.png,0
023/11_023.png,0
024/11_024.png,0
025/11_025.png,0
026/11_026.png,0
027/11_027.png,0
028/11_028.png,0
029/11_029.png,0
030/11_030.png,0
031/11_031.png,0
032/11_032.png,0
033/11_033.png,0
034/11_034.png,0
035/11_035.png,0
036/11_036.png,0
037/11_037.png,0
038/11_038.png,0
039/11_039.png,0
040/11_040.png,0
041/11_041.png,0
042/11_042.png,0
043/11_043.png,0
044/11_044.png,0
045/11_045.png,0
046/11_046.png,0
047/11_047.png,0
048/11_048.png,0
049/11_049.png,0
050/11_050.png,0
051/11_051.png,0
052/11_052.png,0
053/11_053.png,0
054/11_054.png,0
055/11_055.png,0
056/11_056.png,0
057/11_057.png,0
058/11_058.png,0
059/11_059.png,0
060/11_060.png,0
061/11_061.png,0
062/11_062.png,0
063/11_063.png,0
064/11_064.png,0
065/11_065.png,0
066/11_066.png,0
067/11_067.png,0
068/11_068.png,0
069/11_069.png,0
001/12_001.png,0
002/12_002.png,0
003/12_003.png,0
004/12_004.png,0
006/12_006.png,0
009/12_009.png,0
012/12_012.png,0
013/12_013.png,0
014/12_014.png,0
015/12_015.png,0
016/12_016.png,0
017/12_017.png,0
018/12_018.png,0
019/12_019.png,0
020/12_020.png,0
021/12_021.png,0
022/12_022.png,0
023/12_023.png,0
024/12_024.png,0
025/12_025.png,0
026/12_026.png,0
027/12_027.png,0
028/12_028.png,0
029/12_029.png,0
030/12_030.png,0
031/12_031.png,0
032/12_032.png,0
033/12_033.png,0
034/12_034.png,0
035/12_035.png,0
036/12_036.png,0
037/12_037.png,0
038/12_038.png,0
039/12_039.png,0
040/12_040.png,0
041/12_041.png,0
042/12_042.png,0
043/12_043.png,0
044/12_044.png,0
045/12_045.png,0
046/12_046.png,0
047/12_047.png,0
048/12_048.png,0
049/12_049.png,0
050/12_050.png,0
051/12_051.png,0
052/12_052.png,0
053/12_053.png,0
054/12_054.png,0
055/12_055.png,0
056/12_056.png,0
057/12_057.png,0
058/12_058.png,0
059/12_059.png,0
060/12_060.png,0
061/12_061.png,0
062/12_062.png,0
063/12_063.png,0
064/12_064.png,0
065/12_065.png,0
066/12_066.png,0
067/12_067.png,0
068/12_068.png,0
069/12_069.png,0
001/13_001.png,0
002/13_002.png,0
003/13_003.png,0
004/13_004.png,0
006/13_006.png,0
009/13_009.png,0
012/13_012.png,0
014/13_014.png,0
015/13_015.png,0
016/13_016.png,0
001/14_001.png,0
002/14_002.png,0
003/14_003.png,0
004/14_004.png,0
006/14_006.png,0
009/14_009.png,0
012/14_012.png,0
014/14_014.png,0
015/14_015.png,0
016/14_016.png,0
001/15_001.png,0
002/15_002.png,0
003/15_003.png,0
004/15_004.png,0
006/15_006.png,0
009/15_009.png,0
012/15_012.png,0
014/15_014.png,0
015/15_015.png,0
016/15_016.png,0
001/16_001.png,0
002/16_002.png,0
003/16_003.png,0
004/16_004.png,0
006/16_006.png,0
009/16_009.png,0
012/16_012.png,0
014/16_014.png,0
015/16_015.png,0
016/16_016.png,0
001/17_001.png,0
002/17_002.png,0
003/17_003.png,0
004/17_004.png,0
006/17_006.png,0
009/17_009.png,0
012/17_012.png,0
014/17_014.png,0
015/17_015.png,0
016/17_016.png,0
001/18_001.png,0
002/18_002.png,0
003/18_003.png,0
004/18_004.png,0
006/18_006.png,0
009/18_009.png,0
012/18_012.png,0
014/18_014.png,0
015/18_015.png,0
016/18_016.png,0
001/19_001.png,0
002/19_002.png,0
003/19_003.png,0
004/19_004.png,0
006/19_006.png,0
009/19_009.png,0
012/19_012.png,0
014/19_014.png,0
015/19_015.png,0
001/20_001.png,0
002/20_002.png,0
003/20_003.png,0
004/20_004.png,0
006/20_006.png,0
009/20_009.png,0
012/20_012.png,0
014/20_014.png,0
015/20_015.png,0
016/20_016.png,0
001/21_001.png,0
002/21_002.png,0
003/21_003.png,0
004/21_004.png,0
006/21_006.png,0
009/21_009.png,0
012/21_012.png,0
014/21_014.png,0
015/21_015.png,0
016/21_016.png,0
001/22_001.png,0
002/22_002.png,0
003/22_003.png,0
004/22_004.png,0
006/22_006.png,0
009/22_009.png,0
012/22_012.png,0
014/22_014.png,0
015/22_015.png,0
016/22_016.png,0
001/23_001.png,0
002/23_002.png,0
003/23_003.png,0
004/23_004.png,0
006/23_006.png,0
009/23_009.png,0
012/23_012.png,0
014/23_014.png,0
015/23_015.png,0
016/23_016.png,0
001/24_001.png,0
002/24_002.png,0
003/24_003.png,0
004/24_004.png,0
006/24_006.png,0
009/24_009.png,0
012/24_012.png,0
014/24_014.png,0
015/24_015.png,0
016/24_016.png,0
